{"stats":{"minecraft:mined":{"minecraft:grass":1,"minecraft:stripped_dark_oak_log":5,"minecraft:stone":8},"minecraft:crafted":{"minecraft:stone_sword":1,"minecraft:dark_oak_planks":20,"minecraft:crafting_table":1,"minecraft:stone_axe":1,"minecraft:stick":8,"minecraft:wooden_pickaxe":1,"minecraft:stone_pickaxe":1},"minecraft:used":{"minecraft:stone_sword":3,"minecraft:crafting_table":1,"minecraft:wooden_pickaxe":9},"minecraft:picked_up":{"minecraft:stripped_dark_oak_log":5,"minecraft:cobblestone":8},"minecraft:custom":{"minecraft:time_since_rest":429,"minecraft:play_time":12097,"minecraft:sprint_one_cm":30932,"minecraft:deaths":1,"minecraft:walk_one_cm":21475,"minecraft:sneak_time":44,"minecraft:jump":84,"minecraft:damage_dealt":85,"minecraft:leave_game":1,"minecraft:time_since_death":399,"minecraft:total_world_time":12097,"minecraft:interact_with_crafting_table":2,"minecraft:fall_one_cm":2566,"minecraft:fly_one_cm":41654},"minecraft:killed_by":{"solo_leveling:goblin_2":1}},"DataVersion":3465}