{"stats":{"minecraft:killed":{"minecraft:spider":2,"minecraft:skeleton":1,"minecraft:zombie":5},"minecraft:dropped":{"ars_nouveau:novice_spell_book":1,"minecraft:stone_sword":2,"minecraft:cobbled_deepslate":1,"minecraft:crafting_table":1,"minecraft:yellow_terracotta":3,"minecraft:cobblestone":3,"minecraft:rotten_flesh":8,"minecraft:oak_planks":2,"minecraft:granite":3,"minecraft:jungle_planks":4,"minecraft:red_terracotta":9,"minecraft:dirt":3,"minecraft:diorite":1,"minecraft:orange_terracotta":24,"minecraft:andesite":4,"minecraft:brown_terracotta":5,"minecraft:arrow":1,"minecraft:red_sand":3,"minecraft:terracotta":6},"minecraft:picked_up":{"minecraft:crafting_table":2,"minecraft:andesite":4,"minecraft:jungle_wood":1,"minecraft:oak_log":5,"minecraft:lapis_lazuli":31,"minecraft:string":1,"minecraft:dirt":3,"minecraft:orange_terracotta":24,"minecraft:wheat_seeds":1,"minecraft:red_sand":3,"minecraft:cobbled_deepslate":1,"minecraft:raw_gold":7,"minecraft:iron_ingot":1,"minecraft:furnace":6,"minecraft:pink_bed":1,"minecraft:raw_iron":40,"minecraft:brown_terracotta":5,"minecraft:torch":8,"ars_nouveau:novice_spell_book":1,"minecraft:jungle_planks":4,"minecraft:diorite":1,"minecraft:red_terracotta":9,"minecraft:stone_sword":1,"minecraft:arrow":1,"minecraft:rotten_flesh":8,"minecraft:hay_block":78,"minecraft:granite":3,"minecraft:yellow_terracotta":3,"minecraft:terracotta":6,"minecraft:coal":150,"minecraft:cobblestone":13},"minecraft:custom":{"lootr:looted_stat":26,"minecraft:interact_with_furnace":11,"minecraft:mob_kills":8,"minecraft:interact_with_crafting_table":10,"minecraft:leave_game":2,"minecraft:time_since_death":56646,"minecraft:sleep_in_bed":2,"minecraft:climb_one_cm":4882,"minecraft:time_since_rest":5453,"minecraft:sprint_one_cm":209428,"minecraft:walk_one_cm":231929,"minecraft:drop":26,"minecraft:damage_dealt":1528,"minecraft:swim_one_cm":7846,"minecraft:fly_one_cm":208885,"minecraft:open_chest":2,"minecraft:crouch_one_cm":6670,"minecraft:play_time":56646,"minecraft:sneak_time":1254,"minecraft:walk_under_water_one_cm":1068,"minecraft:jump":666,"minecraft:interact_with_brewingstand":1,"minecraft:walk_on_water_one_cm":3733,"minecraft:total_world_time":56646,"minecraft:fall_one_cm":12020},"minecraft:crafted":{"minecraft:oak_planks":20,"minecraft:crafting_table":2,"minecraft:iron_helmet":1,"minecraft:wooden_pickaxe":1,"minecraft:iron_sword":2,"minecraft:stone_axe":1,"minecraft:bread":246,"minecraft:air":0,"minecraft:jungle_planks":4,"minecraft:iron_boots":1,"minecraft:iron_chestplate":1,"ars_nouveau:novice_spell_book":1,"minecraft:iron_axe":1,"minecraft:stick":16,"minecraft:iron_ingot":39,"minecraft:stone_pickaxe":1,"minecraft:stone_sword":1,"minecraft:iron_leggings":1,"minecraft:gold_ingot":7,"minecraft:torch":12,"minecraft:stone_hoe":1,"minecraft:wheat":702},"minecraft:mined":{"minecraft:yellow_terracotta":3,"minecraft:pink_bed":1,"minecraft:orange_terracotta":24,"minecraft:crafting_table":1,"minecraft:torch":4,"minecraft:granite":3,"minecraft:red_sand":3,"minecraft:lapis_ore":4,"minecraft:deepslate_gold_ore":3,"minecraft:wall_torch":4,"minecraft:hay_block":78,"minecraft:red_terracotta":9,"minecraft:jungle_wood":1,"minecraft:furnace":6,"minecraft:iron_ore":40,"minecraft:andesite":1,"minecraft:deepslate_lapis_ore":1,"minecraft:oak_log":5,"minecraft:coal_ore":50,"minecraft:dirt":1,"minecraft:brown_terracotta":4,"minecraft:terracotta":6,"minecraft:stone":11,"minecraft:gold_ore":4,"minecraft:deepslate":1},"minecraft:used":{"minecraft:oak_planks":3,"minecraft:wooden_pickaxe":12,"minecraft:iron_sword":10,"minecraft:stone_hoe":78,"minecraft:torch":12,"minecraft:crafting_table":2,"minecraft:bread":14,"minecraft:iron_pickaxe":172,"minecraft:stone_axe":2,"minecraft:furnace":4}},"DataVersion":3465}